id,dssp
result_3,LHHHHHHHHHHHHHLLLLHHHHHHHHHHHHHHHHHHHHHHHHHLLLHHHHHHHHHHHHHHHHHLLLLLLHHHHHHHLLLLLHHHHHHHHHHHHHHHLHHHHHHHHHLLLLLHHHHHHHHHHHHHHLL
result_2,LLLHHHHHHHHHHHHHHLLLHHHHHHHHHHHHHHLHHHHHHHHHHHHHHHLLLLLHHHHHHHHHHHHHHHHLLLHHHHHHHHHHHHLLLLLLHHHHHHHHHHHHHLLL
result_5,LEEEEEEEEELLLLHHHHLLLLHHHHHHHHHLEEEEEEEELLLLEEEEEEEEELLLHHHHHLLLHHHHHHHHHHHHLHHHHHHHHHHHHHHHHLLLLHHHHHHHHHHHHHLLLLLEEEEEEEEEELLL
result_59,LHHHHHHHHHHLLHHHHHHHHHLHHHHHHHHHHHHHHHHHHHLHHHLLHHHHHHHHHHHHHHLLHHHHHHLLLHHHHHHHHHHHHHHHLLHHHHHHHHHHHHHHHHHHHLL
result_9,LLLLLLLLHHHHHHHHHHLLLLEELLLLELLLLLLHHHHHHHHHHLLHHHHHHHHHHHHHHELLLLLLLEHHHHLLLHHHHHHHHELLLLHHHHHHHHHHHHLLL
result_0,LLLEEEEEEELLLLLEEEEEEEELLLEEEEEEEEELLLLLLLLEEEEELLLLLLLLLLLLLLHHHLLEEEEEEELLLLLEEEEEEELLLLLLEEEEEEEEELLL
result_18,LLLLELLLELLHHHHHHHHHHHHHHLLLELLLLLLLLLLLLHHHHHHHHHHHHHLLLLLLLLHHHHHHHLLHHHHHHHHHHHHLLLEEEELLHHHHLLLELLLEEELLLL
result_53,LLLLLLHHHLLLLHHHHHHHHHHHHHHHHHLHHHLLHHHHHHHHHHHHHHHHHHHHLLLLLHHHHHHHHHHHHHHHHHHHHHHHLLHHHHHHHHHHHHHHHHHLLLLLL
result_37,LLHHHHHHHHHHHHHHHHHHHLHHHHHHHHLLHHHHHHLLLLLHHHHHHHHHHHHHHHHHHHHLLHHHHHHHHHHHHHHHHHHLLLLLLLLLLLLLHHHLLHHHHHHHHHHHHHHHHHHHHHHHHHLLLLL
result_6,LLLHHHHHHLLLLLLLLHHHHHHHHHHLLLLLLLHHHHHHHHHHHHLLLHHHHHHHHHHHHHHLLHHHHHHHHHHHHLLLLLLLLLLLLLLHHHHHHHHHHHHHHHLLLL
result_44,LHHHHHHHHHHHHHHHHLLLLLLLHHHHHHHHHHHHHLHHHHHHHHHHHHHHHLHHHHHHHHHLLLHHHHHHHHHHHHHHHHLLLHHHHHHHHHHHHHHHLLLL
result_10,LEEEEEELLLHHHHHHHHHHHHHHLEEEEEELLLHHHHHHHHHHHHHHHHLLLLLLHHHHHHHHHHHHHHHLLLLEEEEEELLLLHHHHHHHHHHLLLLLEEEEELL
result_1,LEEEEEELHHHHHHHHHHHHHHLLLLLHHHLLHHHHHHHHHHHHHHHLLLLLEEEEEEEELLLLLLLLLLLLHHHHHHHHHHHHLLEEELLLLLLLLLLLEEEEEEEEEELLL
result_27,LEEEEEEELLLLLHHHHHHHHHHHHHHHHHHLLLLLEEEEEEEHHHHHHLHHHHHHHHHHHHHHLLEEEEELLLLLLLLLHHHHHHHHHHLLLLLEEEEELLLLLEELHHHHHHHHHHHHHLL
result_61,LHHHHHHHHHHHHHHLHHHHHLLLLHHHHHHHHHHHHHLLHHHHHHHHHHHHHHHHLLHHHHHHHHHHHHLLLLHHHHLLLLHHHHHHHHHHHHHHHHHHLLLLLHHHHHHHHHHLLHHHHHHLLL
result_26,LHHHHHHHHHHHHHHHHHHHLLLLLHHHHHHHLLLELLELLHHHHHHHHHHHLLLLLHHHHHHHHHHHHHHHHLLHHHHHHHHHHHHHHHLLLLLHHHHHHHHHHLL
result_15,LLHHHHHHHHHHHHHHHHHHHHHHHHLLLHHHHHHHHHHHHHHLHHHHHHHHLLLLHHHHHHHHHHHLLLLLLHHHHHHHHHLHHHHHHHHHHHHHHHHLLLLLHHHHHHHHHHHHHHHHHHLL
result_34,LLLLLLLLLLLLLLHHHHHHHHLLLHHHHHHLLHHHHHHHHLLLHHHHHHHHHHHHHHHHHLHHHHHHHHHLLLLLLLLHHHHHHHHHHHHHHLHHHLLHHHHLLHHHHHHHHLLLL
result_40,LLEEEELLLLLLLLHHHHHHHHHHHHHHLLEEEELLLLLLHHHHHHHHHHHHHHHHHHLLLEEELLLLEEELLLLLLLLLLLLLHHHHHHHHHHHHHLLLL
result_30,LHHHHHHHHHHHHHHHLLLLLLHHHLLLLHHHHHHHHHHLLLLHHHHHHHHHHHHHHHHLHHHHHHHHHHHHHHHLLHHHHHHHHHHLLLLLLLHHHHHHHHLLLLL
result_49,LHHHHHHHHHHHHHHHHLLLHHHHHLLLLLLLLLHHHHHHHHHHHHHHHHLLLLLHHHHHHHHHHHHHLLLLLHHHHHHHHHHHHHHLLLHHHHHHHHHLHHHLLLLHHHHHHHHHHHHHHHHLL
result_58,LHHHHHHHHHHHHHHHHHHHHHHHLLLLEEEEEEEEEEELLEEEEEEEELLLLEEEEEEEELLHHHHHHHHHHHHHLLLLLLHHHHHHHHHHHHHHHHLLL
result_17,LLLLLLLHHHHHHHHHHHHHHHLLLHHHHHHHHHHHHHHLLLLHHHHHHHHHHHHHLLLHHHHHHHHHHHHHHHHLHHHHHHHHHHHHHHHHHHLLHHHHHHHHHHHHHHLHHHHHHHHHLLLL
result_8,LLHHHHHHHHHHHHHLLLLLLLLLLEEHHHEELLLEEEELLEEEEEHHHHHHHHHHHHHLLLLLLEEEELLLLHHHLLLLLHHHHHHHLEEEELLLLHHHHHHHHHHHHHHHLLLLHHHHHHHLLELLLL
result_48,LHHHHHHHHHHHHHHHHHHHHHHHLLLHHHHHHHHHHHHHHHHHHHHHHHHHLLLLHHHHHHHHHHHHHLLHHHHHHHHHLLLHHHHHHHHHHHHHHHLLLLHHHHLLLLL
result_24,LLHHHHHHHHHHHHHHHHHHLLLLHHHHHHHHHHHHHHLLLLHHHHHHHHHHHHHHHLHHHHHHHHHHLLLLLHHHLLLLLHHHHHHHHHHLLLLHHHHHHHHHHHHHHHHLL
result_14,LHHHHHHHHHHHHHLLLHHHHHHHHHHHHHHHLLLHHHHHHHHHHHHHHHHHHHHHHHHHHHHHHHHLLLHHHHHHHHHHHHHHHHHHLHHHHHLLLLLEELLEELLLHHHHHHHHHHHHHLL
result_23,LHHHHHHHHHHHHHHHHHHHHHHHHHHHHHLLLLLLLLHHHHHHHHHHHHLLLLHHHHHHHHHHLLLHHHHHHHHHHHHHHLHHHHHHHHHHHHHHHLLLLLLLLLLLHHHHHHHHHHHHHHLL
result_33,LLHHHHHHHHHHHHHHHHHHHLLLHHHHHHHHHLLLLHHHHHHHHHHLLLLLHHHHHHHHHHHLLLHHHHHHHHHHHHHHHHHHLLLLLLLLLLLLHHHHHHHHHLHHHHHHHHHHHHLL
result_45,LHHHHHHHHHHHHHHHLLHHHHHHHHHHLHHHHHHHHHHHHHLLLLLLLLHHHHHHHHHHHHHHHHHLLLHHHHHHHHHHHHHHHHHHLLLLLLHHHHHHHHHHHHHHHHHHHHHLLHHHHHHHLLL
result_63,LLLHHHHHHHHHLLLLLEEEEEEEEELLEEEEEEEELLLLEEEEHHHHHHHHHHHLLLLLLLLLEEELHHHHHHHHHHHLLLLHHHHHHLLLLLLHHHHHHHHHHLLLLL
result_50,LHHHHHHHHHHHHHLLHHHHHHHHLHHHHHHHHHHHHHHHHHHLLLLLLLHHHHHHHHHHHHHHHHHHHHHHLLLHHHHHHHHHHHHLLLLLLHHHLLLHHHHHHHHHLLL
result_36,LEEEEEEEEELLLHHHHHHHHHHHHHHHHHLLLLLEEEEEEEELLLLLLLEEEEEEEEEHHHHHHHHHHHHHLLLLLLLLLLLLELLLHHHHHHLLHHHHHHHHHHHLLLL
result_31,LLLLHHHHHHHHHHHHHLHHHHHHHLLLHHHHHHHHHHHLLLLHHHHHHHHHHHHLLLLLLLLLLLLLLLHHHHHLLLLHHHHHHHHHHHHHHHHHHHHHHHHHHLLL
result_11,LHHHHHHHHHHHHHHHHHHHHHHHHLHHHHHHHHHHHHHHHHHHHHHHLLLLHHHHHHHHHHHHHHHHHHHHHHHHHHHHHHHHHHHHHHHHHHHHHLLLL
result_20,LLHHHHHHHHHHHHHHHHHHHHHHHHHLHHHHHHHHHHHHHHHHHHLLHHHHHHHHHHHHHHHHHLLLLHHHHHHHHHLHHHHHHHLHHHHHHHHHHHHHHHHHHHHHHLL
result_60,LEEEEELLHHHHHHHHHHHHHHLLLLEEEEEELLLLHHHHHHHHHHHLLEEEEHHHHHHHHHLLLLLHHHHHLLLLELLLLLLLLLHHHLLLHHHHHHHHHHHHHHHHHHHLL
result_16,LLLHHHHHHHHHHHHHHHHHHHHHHHHHHHHHLLLLLLLHHHHHHLLHHHHHHLLLLHHHHHHHHHHHHHHHLLLHHHHHHHHHHHHHHHLLLLHHHHHHHHHHHHHHHLL
result_42,LLLLLHHHHHHHHHHHHHHHHHLLLLLHHHHHHHHHHHHHHHHHLLLLHHHHHHHHHHHHLLLHHHHHHHHHHHHHHHHHHHLLLHHHHHHHHHHHHHHHHHHHHHHHHHLLLLL
result_51,LHHHHHHHHHHHLLLLLHHHHHHHHHHHHLLLLLLHHHHHHHHHHHHHHLLLLLLLHHHHHHHHHHHHHHHHHHHHHHHLLHHHHHHHHHHHHHHHHHHHHLLLLLLHHHHHHHHHHHHHHHHHHHHHHLL
result_32,LHHHHHHHHLLHHHHHHHHHHHHHHHHHLLHHHHHHHHHHLLHHHHHHHHHHHHHHHHHHLLLLLLLLHHHHHHHHHHHHHHHHHHHLLLLLHHHHHHHHHHHHLLHHHHHHHHHHHHHHHLLLLLL
result_4,LLLHHHHHHHLHHHHHHLLHHHHHHHHLLLLLLLHHHHHHHHHHHLHHHHHHHHHHHHHLLLHHHHHHHHHHHHHHHLLLLLHHHHHHHHHHHHHHHHHHHHHHLL
result_21,LLLHHHHHHHHHHHHHHLHHHHHHHHHHHHHHHHHHLHHHHHHHHLLLLLLLLLLHHHHHHHHLLLLLLLLLLLLHHHHHHHHHHHLLLHHHHHHHHHHHHHHHHHLLHHHHHHHHHHHHLL
result_38,LHHHHHHHHHHHHHHHHHHLLLLLLLLLLLHHHHHHHHHHHLLLLHHHHHHHHHHHHHHLLLHHHHHHHHHHHHHHHHHHHHLLLLLLLLLHHHHHHHHHHHHHHHHHHHHLL
result_12,LEEEEEEEELLLLLEEEHHHHHHHHHHHHHHLLEEEEEEEELLLLLLLLEEELLLEEEEEEEEELHHHHHHHHHHHHHHHHHHHHLLLLHHHHHHHHHLHHHHHHLLLLLLL
result_39,LLLLHHHHHHHHHHHHHHHLLLLLHHHHHHHHHHHHHHHLLLHHHHHHHHHHHHHHHHHHLLLLLLLLLHHHHHHHHHHHHHLLHHHHHHHHHHHHHHHHHHHLL
result_57,LHHHHHHHHHHHHHHHHHHHLLLLLHHHHHHHHHHHHHHHHHHLLLLHHHHHHHHHHHHHHHHHHHHHHHLLHHHHHHHHHHHHHHHHHHHHHHHHHHHHHLLLL
result_22,LLHHHHHHHHHHHHHHHHHHHHHLLLLLLLEEEEELLLLEEEEELLLLLLLLLLEEEEHHHHHHHHHHHHHHHLLHHHHHHHHHHHHHHHHHHHHHHHHHHHHHHHHLL
result_52,LLHHHHHHHHHHHHHHHHHHHHHHHLLHHHHHHHHHHHHHHLHHHHHHHHHHHHHHHHHHHHHHHHHHHHHLLLLHHHHHHHHHHHHHHHHHHHHHHHHHHHHHHHHHHHHHLL
result_62,LEEEEEEEELLLHHHHHHHHHHHLEEEEEEEELLLLHHHHHHHHHHHHHLLLLLLEEEEEELLLLLLHHHHHHHHHHHHHHHHHHHHHLLLLEEEEEELLLHHHHHHHHHHHHHHLL
result_47,LHHHHHHHHHHHHHHHHHHHHHLLLLHHHHHHHHHHHHHHHHHLLHHHHHHHHHHHHHHHHHHHHLHHHHHHHHHHHHHHHHLLLLLLLLHHHHHHHHHHHHHHEELLEELLL
result_43,LLHHHHHHHHHHHLLHHHHHHHHHHHHLLLHHHHHHHHHHHHLHHHHHHHLHHHLLHHHHHHHHHHHHHHHHHLLLLHHHHHHHHHHHHLLLLLHHHHHHHHHHHHHHHHHHHHHLLL
result_19,LHHHHHHHHHHHHHHHHHHLLLLLLLLLLHHHHHHHHHHHLLLLHHHHHHHHHHHHHHLHHHHLLLLLHHHLLHHHHHHHHHHLHHHHLLHHHHHHHHHHHHHHHHHLLL
result_28,LLLLLLLLLLLLEEEELLLLLEEELLHHHHHHHHHHHHHHHHHHHHHHLLLHHHHHHHHHHHHHHHHHHHHHHLLHHHHHHHHHHHHHHHHHHLLLLLLHHHHHHHHLLLLLLHHHHHHHHHHLL
result_35,LLLLLLLLLLHHHHHHHHHHHHHLHHHLLLLLHHHHHHHHHHHHHLLLLHHHHHHHHHHHHLLLLLLLLHHHHHHHHHHHHHHHLLHHHHHHHHHHLLLLHHHLLLLLLLHHHHHHHHHHHLLLLLLL
result_7,LHHHHHHHHHHLLLLLLLHHHHHHHHHHHHLLLLLLHHHHHHHHHHHHHLLLLLLHHHHHHHHHHHHHHHHHLLLLLHHHHHHHHHLLLHHHHHHHHHHHHHLLLHHHHHHHHHHHHHHHHHHLLL
result_25,LLLLLHHHHHHHHHHLLHHHHHHHHHHHHLLLLHHHHHHHHHHHHHHHHHHLLHHHHHHHLLLLLLHHHHHHHHHHHHHHHHLLLLHHHHHHHHHHHLLHHHHHHHHHHHHHHLL
result_56,LHHHHHHHHHHHHLLLHHHHHHHHHHHHHHHHHHHHHHHHHHHHHHLLLLHHHHHHHHHHHHLLHHHHHHHHHHHLLLLLHHHHHHHHHHHHHHHHHHHHHHHHHHHHHHHHHHLLLL
result_29,LHHHHHHHHHHHHHHHHHLLLLLLLHHHHHHHHLLLLHHHHHHLLLLHHHHHHHHHHLHHHHHHHHHHHHLLLLHHHHHHHHHHHHHHLLHHHHHHHHHHHHHHLL
result_55,LLLLLHHHHHHHHLLLLLHHHHHHHHHHHHHHHHHHHHLHHHHHHHHHHHHHHHHHHHLLLHHHHHHHHHHHHHLLHHHHHHHHHHHLLLHHHHHHHHHHHHHHLLL
result_54,LHHHHHHHHHHHLLLHHHHHHHHHHHHHLLLHHHHHHHHHHHHHHHLLHHHHHHHHHHHHLLLHHHHHHHHHHHLLLHHHHHHHHHHLLLLLLHHHHHHHHHHHHHHHHHHHLLL
result_13,LLHHHHHHHHHHHHHLLEHHHHHHHHHHHHHLLHHHHHHHHHHHHHHHHHLLLLHHHHHHHHHHHLLLLHHHHHHHHHHHHHHHHHLHHHHHHHHHHHHHHHHHHHHLLLLLELLLL
result_46,LLLLLLLLHHHHHHHHHHHHHHLLLLEEELLLHHHHLLLLLLEEEEEEEELLLLLLLLEEEEEEELLLLLLHHHHHHHHHHHHHHLLLLLLHHHHHHHHLHHHLLLEEEEELLLLLLLLEEEEEEELLL
result_41,LEEEEEEELLHHHHHHHHHHHLLLLLEELLLLHHHHHHHHHHHLLLLEEEEEEELHHHHHHHHHHHHHHHHHHHLLLLLLLLLLLLLLLEEEEELLLLEEEEELLHHHLLLLHHHHHHHHHHHHHHLLL
